{
  "IsEncrypted": false,
  "Values": {
    "AzureWebJobsStorage": "UseDevelopmentStorage=true",
    "FUNCTIONS_WORKER_RUNTIME": "dotnet-isolated"
  },
  "FunctionName": "MWP.Notification",
  "ApplicationId": "MWP.Notification",
  "FromAddress": "noreply-internalnotifications@morningstar-alerts.com",
  "SendGridApiKey": "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",
  "BlobConnectionString": "DefaultEndpointsProtocol=https;AccountName=stnotificationqane;AccountKey=ZvHU5IUTfdxDyM2gUwpr9uvzxb/9CXU1ZDiqbM1XOIoet3o0OV0hbZeEyV5j9sd6g38hdDHxh63x+ASt7obqig==;EndpointSuffix=core.windows.net",
  "BlobContainerName": "mwp-common-notification",
  "CosmosConnectionString": "AccountEndpoint=https://cosmos-intnotificationservice-qa.documents.azure.com:443/;AccountKey=fwlMA2ECDbbtRHLten6OtUG3VUXINrN6kUUtFO8wXY8YIKtL6n4lBst7Fko2HsBZEIsBik5PE1pfACDbJlbCsA==;",
  "CosmosDatabaseId": "NotificationDB",
  "CosmosContainerId": "NotificationData",
  "ApplicationInsights": {
    "ConnectionString": "",
    "InstrumentationKey": "3d72466e-a0b1-453a-a8de-de96201da1df"
  }
}